title,company,salary,location,link,date,query,source
Full Stack Engineer,Mintlify (W22),Not Specified,other,https://ycombinator.com/companies/mintlify/jobs/pk3AAR7-full-stack-engineer,about 8 hours ago,other,yc
Software Engineer,222 (W23),Not Specified,other,https://ycombinator.com/companies/222/jobs/QEHJBqA-software-engineer,23 minutes ago,other,yc
ML Performance Engineer  ,Playground (S19),Not Specified,other,https://ycombinator.com/companies/playground/jobs/I1g0Zqo-ml-performance-engineer,about 12 hours ago,other,yc
"(Senior) Software Engineer, Frontend (Hamburg, Germany)",doola (S20),Not Specified,other,https://ycombinator.com/companies/doola/jobs/sEKgQPv-senior-software-engineer-frontend-hamburg-germany,about 11 hours ago,other,yc
Senior Software Engineer,Aer (S21),Not Specified,other,https://ycombinator.com/companies/aer/jobs/X6OhY8h-senior-software-engineer,24 minutes ago,other,yc
Junior Full Stack Engineer,SPRX (W23),Not Specified,other,https://ycombinator.com/companies/sprx/jobs/c8Pw5wL-junior-full-stack-engineer,21 minutes ago,other,yc
Founding Engineer,Continue (S23),Not Specified,other,https://ycombinator.com/companies/continue/jobs/smcxRnM-founding-engineer,29 minutes ago,other,yc
Founding engineer,Axflow (S23),Not Specified,other,https://ycombinator.com/companies/axflow/jobs/kxuQEam-founding-engineer,about 8 hours ago,other,yc
"Engineering Manager, Integrations",Finch (S20),Not Specified,other,https://ycombinator.com/companies/finch/jobs/FTH6DF8-engineering-manager-integrations,about 15 hours ago,other,yc
product engineer -- mobile (sf),buildspace (S20),Not Specified,other,https://ycombinator.com/companies/buildspace/jobs/frLhrOk-product-engineer-mobile-sf,38 minutes ago,other,yc
"Senior Staff Full Stack Engineer, Product",Pulley (W20),Not Specified,other,https://ycombinator.com/companies/pulley/jobs/9wnq8Gm-senior-staff-full-stack-engineer-product,about 6 hours ago,other,yc
Full Stack Engineer (San Francisco or Remote),Keeper (W19),Not Specified,other,https://ycombinator.com/companies/keeper-2/jobs/sKbHWDs-full-stack-engineer-san-francisco-or-remote,about 9 hours ago,other,yc
Growth Engineer,Stepful (S21),Not Specified,other,https://ycombinator.com/companies/stepful/jobs/YTq8mJG-growth-engineer,about 8 hours ago,other,yc
"Founding Full-Stack Engineer (NextJS, Typescript, Tailwind)",Fintool (W23),Not Specified,other,https://ycombinator.com/companies/fintool/jobs/k5c0eAt-founding-full-stack-engineer-nextjs-typescript-tailwind,4 days ago,other,yc
Senior Frontend/Fullstack Developer (TS/Node/React),Bemlo (W22),Not Specified,other,https://ycombinator.com/companies/bemlo/jobs/6QWqjSn-senior-frontend-fullstack-developer-ts-node-react,33 minutes ago,other,yc
Sr. Frontend Engineer - Hybrid 3 days in SF,Cambly (W14),Not Specified,other,https://ycombinator.com/companies/cambly/jobs/sBBc9a9-sr-frontend-engineer-hybrid-3-days-in-sf,about 2 hours ago,other,yc
Head of Engineering,Fieldguide (S20),Not Specified,other,https://ycombinator.com/companies/fieldguide/jobs/nq1TG09-head-of-engineering,about 7 hours ago,other,yc
Robotics Software Engineer,Charge Robotics (S21),Not Specified,other,https://ycombinator.com/companies/charge-robotics/jobs/5dCTXXz-robotics-software-engineer,about 10 hours ago,other,yc
Software Engineer,Letterdrop (W20),Not Specified,other,https://ycombinator.com/companies/letterdrop/jobs/MppOH2r-software-engineer,about 7 hours ago,other,yc
Engineering Manager,Skio (S20),Not Specified,other,https://ycombinator.com/companies/skio/jobs/oxM5MkL-engineering-manager,29 minutes ago,other,yc
Product Engineer @ Fair Square Medicare,Fair Square (W20),Not Specified,other,https://ycombinator.com/companies/fair-square/jobs/DVrBrCIi8-product-engineer-fair-square-medicare,1 day ago,other,yc
Full Stack Developer,FlowEQ (W21),Not Specified,other,https://ycombinator.com/companies/floweq/jobs/wQIJNSR-full-stack-developer,27 minutes ago,other,yc
Senior Full Stack Engineer ,Method Financial (S19),Not Specified,other,https://ycombinator.com/companies/method-financial/jobs/BOJphmp-senior-full-stack-engineer,3 days ago,other,yc
Sr. Fullstack Engineer,ClassDojo (IK12),Not Specified,other,https://ycombinator.com/companies/classdojo/jobs/QTFojiD-sr-fullstack-engineer,about 22 hours ago,other,yc
"Software Engineer, Infrastructure",Whatnot (W20),Not Specified,other,https://ycombinator.com/companies/whatnot/jobs/fwPQGwT-software-engineer-infrastructure,about 9 hours ago,other,yc
"Software engineer, Frontend",Aviator (S21),Not Specified,other,https://ycombinator.com/companies/aviator/jobs/acPE4OP-software-engineer-frontend,about 5 hours ago,other,yc
Staff Backend Engineer,Forage (S21),Not Specified,other,https://ycombinator.com/companies/forage-2/jobs/fHuCZnI-staff-backend-engineer,31 minutes ago,other,yc
"Machine Learning Research Engineer - San Francisco, Full-Time",Imbue (formerly Generally Intelligent) (S17),Not Specified,other,https://ycombinator.com/companies/imbue/jobs/x7wiRgJfa-machine-learning-research-engineer-san-francisco-full-time,about 1 hour ago,other,yc
Staff Front End Engineer,Arc (W22),Not Specified,other,https://ycombinator.com/companies/arc-2/jobs/AS0EUPh-staff-front-end-engineer,about 7 hours ago,other,yc
Open-Source Product Growth Engineer,Eventual (W22),Not Specified,other,https://ycombinator.com/companies/eventual/jobs/nEtjg0p-open-source-product-growth-engineer,30 minutes ago,other,yc
"Full Stack Software Engineer, Next.js",SmartAsset (S12),Not Specified,other,https://ycombinator.com/companies/smartasset/jobs/wUJvTxK-full-stack-software-engineer-next-js,about 2 hours ago,other,yc
Founding Engineer,Leafpress (S23),Not Specified,other,https://ycombinator.com/companies/leafpress/jobs/JpczntL-founding-engineer,about 2 hours ago,other,yc
Software Engineer - AI (United States),FlutterFlow (W21),Not Specified,other,https://ycombinator.com/companies/flutterflow/jobs/UnyHKVJ-software-engineer-ai-united-states,about 3 hours ago,other,yc
System Security Engineer,Kalshi (W19),Not Specified,other,https://ycombinator.com/companies/kalshi/jobs/khbC3DX-system-security-engineer,about 8 hours ago,other,yc
Backend Engineer (Engineer #4),Recall.ai (W20),Not Specified,other,https://ycombinator.com/companies/recall-ai/jobs/B8CE5Xc-backend-engineer-engineer-4,about 3 hours ago,other,yc
Sales Engineer  (NY Remote),Prelim (S17),Not Specified,other,https://ycombinator.com/companies/prelim/jobs/j3g7f0J-sales-engineer-ny-remote,about 1 hour ago,other,yc
Software Developer Summer Internship,IcePanel (W23),Not Specified,other,https://ycombinator.com/companies/icepanel/jobs/v6cjHPQ-software-developer-summer-internship,11 minutes ago,other,yc
Remote Full Stack Engineer,Jiga (W21),Not Specified,other,https://ycombinator.com/companies/jiga/jobs/KMtdgpo-remote-full-stack-engineer,3 minutes ago,other,yc
Frontend Engineer (Anime Games),Spellbrush (W18),Not Specified,other,https://ycombinator.com/companies/spellbrush/jobs/6ttCv4A-frontend-engineer-anime-games,about 3 hours ago,other,yc
Machine Learning Lead,Roboflow (S20),Not Specified,other,https://ycombinator.com/companies/roboflow/jobs/3esJuI0-machine-learning-lead,about 3 hours ago,other,yc
AI Engineer,Patterns (S21),Not Specified,other,https://ycombinator.com/companies/patterns/jobs/tsjFZP0-ai-engineer,about 4 hours ago,other,yc
Sr Software Engineer,Axle Health (W21),Not Specified,other,https://ycombinator.com/companies/axle-health/jobs/IG09BnI-sr-software-engineer,23 minutes ago,other,yc
Full Stack Engineer,Model ML (W24),Not Specified,other,https://ycombinator.com/companies/model-ml/jobs/raMf3m0-full-stack-engineer,about 6 hours ago,other,yc
Software Engineer,Byterat (W23),Not Specified,other,https://ycombinator.com/companies/byterat/jobs/7aj3ChU-software-engineer,20 minutes ago,other,yc
ML Engineer Intern,Quack AI (S23),Not Specified,other,https://ycombinator.com/companies/quack-ai/jobs/3rVTrXz-ml-engineer-intern,31 minutes ago,other,yc
"Software Engineer, Full Stack",Secoda (S21),Not Specified,other,https://ycombinator.com/companies/secoda/jobs/5izgsy2-software-engineer-full-stack,27 minutes ago,other,yc
Senior Frontend Engineer,PermitFlow (W22),Not Specified,other,https://ycombinator.com/companies/permitflow/jobs/ERh8j8i-senior-frontend-engineer,44 minutes ago,other,yc
"AI and Engineering Intern (Apply for AI, Software Engineering)",Terra (W21),Not Specified,other,https://ycombinator.com/companies/terra/jobs/3EZhnPQ-ai-and-engineering-intern-apply-for-ai-software-engineering,9 minutes ago,other,yc
Data Engineer - Global/Remote,MixRank (S11),Not Specified,other,https://ycombinator.com/companies/mixrank/jobs/SaoXMWj-data-engineer-global-remote,less than a minute ago,other,yc
Platform Engineer (Remote),Fathom (W21),Not Specified,other,https://ycombinator.com/companies/fathom/jobs/TArBVR8-platform-engineer-remote,about 3 hours ago,other,yc
